training,gs://bdcc24_open_images_dataset/images/01629ab4e5f0d759.jpg,Apple
training,gs://bdcc24_open_images_dataset/images/02d39303ce22fcc2.jpg,Apple
training,gs://bdcc24_open_images_dataset/images/0262b739ae2e9950.jpg,Apple
training,gs://bdcc24_open_images_dataset/images/00341c3c5825fc7e.jpg,Apple
training,gs://bdcc24_open_images_dataset/images/067664613388e55e.jpg,Apple
training,gs://bdcc24_open_images_dataset/images/042584d869ee627c.jpg,Apple
training,gs://bdcc24_open_images_dataset/images/01ac2a42f2a22ee7.jpg,Apple
training,gs://bdcc24_open_images_dataset/images/0074691e66aa85c0.jpg,Apple
training,gs://bdcc24_open_images_dataset/images/07a1a6b39a37faf1.jpg,Apple
training,gs://bdcc24_open_images_dataset/images/051ca96a28b9ea62.jpg,Apple
training,gs://bdcc24_open_images_dataset/images/00d1a44121b1b883.jpg,Apple
training,gs://bdcc24_open_images_dataset/images/0357826d8fd30e3c.jpg,Apple
training,gs://bdcc24_open_images_dataset/images/007a0bec00a90a66.jpg,Apple
training,gs://bdcc24_open_images_dataset/images/01a5f4c8693e3b8e.jpg,Apple
training,gs://bdcc24_open_images_dataset/images/096979da60410390.jpg,Apple
training,gs://bdcc24_open_images_dataset/images/0125268651daa59c.jpg,Apple
training,gs://bdcc24_open_images_dataset/images/02aa2ee596ee27f5.jpg,Apple
training,gs://bdcc24_open_images_dataset/images/06a138ca361abca5.jpg,Apple
training,gs://bdcc24_open_images_dataset/images/035085c19c055d8f.jpg,Apple
training,gs://bdcc24_open_images_dataset/images/01e6f55bc3f568b3.jpg,Apple
training,gs://bdcc24_open_images_dataset/images/041bae0d54c32533.jpg,Apple
training,gs://bdcc24_open_images_dataset/images/0154cc7df5860060.jpg,Apple
training,gs://bdcc24_open_images_dataset/images/0134c9aef69c5a1b.jpg,Apple
training,gs://bdcc24_open_images_dataset/images/04806dcd6ad350a4.jpg,Apple
training,gs://bdcc24_open_images_dataset/images/04007926c681c4f4.jpg,Apple
training,gs://bdcc24_open_images_dataset/images/05ed0804f515878c.jpg,Apple
training,gs://bdcc24_open_images_dataset/images/004e8f8aa9860565.jpg,Apple
training,gs://bdcc24_open_images_dataset/images/02c5352d0e273256.jpg,Apple
training,gs://bdcc24_open_images_dataset/images/048cdcfa81f38e7a.jpg,Apple
training,gs://bdcc24_open_images_dataset/images/091edb8eb47e1375.jpg,Apple
training,gs://bdcc24_open_images_dataset/images/06c15c7f572ccc71.jpg,Apple
training,gs://bdcc24_open_images_dataset/images/08a5e607f3b0996f.jpg,Apple
training,gs://bdcc24_open_images_dataset/images/002973443937b47f.jpg,Apple
training,gs://bdcc24_open_images_dataset/images/041eff14c5ccb94a.jpg,Apple
training,gs://bdcc24_open_images_dataset/images/02c40e63eb38ccae.jpg,Apple
training,gs://bdcc24_open_images_dataset/images/01968ea73417ec3b.jpg,Apple
training,gs://bdcc24_open_images_dataset/images/021d2569ce62aa93.jpg,Apple
training,gs://bdcc24_open_images_dataset/images/0732a8d07a0df631.jpg,Apple
training,gs://bdcc24_open_images_dataset/images/057680511b3aa875.jpg,Apple
training,gs://bdcc24_open_images_dataset/images/006ac0b3d61f1ee9.jpg,Apple
training,gs://bdcc24_open_images_dataset/images/0646ef0a9cf10d2a.jpg,Apple
training,gs://bdcc24_open_images_dataset/images/00881627629888f6.jpg,Apple
training,gs://bdcc24_open_images_dataset/images/0794f8d6c6f134af.jpg,Apple
training,gs://bdcc24_open_images_dataset/images/037433fa3873e6be.jpg,Apple
training,gs://bdcc24_open_images_dataset/images/0588620ea8e9a295.jpg,Apple
training,gs://bdcc24_open_images_dataset/images/018257a792aa90e6.jpg,Apple
training,gs://bdcc24_open_images_dataset/images/00b00a2d950376eb.jpg,Apple
training,gs://bdcc24_open_images_dataset/images/004be96d7985d83e.jpg,Apple
training,gs://bdcc24_open_images_dataset/images/0157672fdddcc3b7.jpg,Apple
training,gs://bdcc24_open_images_dataset/images/072e6f5f125a571a.jpg,Apple
training,gs://bdcc24_open_images_dataset/images/00730e60ab276b06.jpg,Apple
training,gs://bdcc24_open_images_dataset/images/05d91f69787c2df5.jpg,Apple
training,gs://bdcc24_open_images_dataset/images/00db614fcd5d77ea.jpg,Apple
training,gs://bdcc24_open_images_dataset/images/03752d7653d0c6f2.jpg,Apple
training,gs://bdcc24_open_images_dataset/images/064488ad0730e061.jpg,Apple
training,gs://bdcc24_open_images_dataset/images/016b6237ac3ceaf2.jpg,Apple
training,gs://bdcc24_open_images_dataset/images/007ec56b6529e036.jpg,Apple
training,gs://bdcc24_open_images_dataset/images/05700e985231e8cf.jpg,Apple
training,gs://bdcc24_open_images_dataset/images/008469bd8213a981.jpg,Apple
training,gs://bdcc24_open_images_dataset/images/044864859f9c6cb6.jpg,Apple
training,gs://bdcc24_open_images_dataset/images/028ee4d4f435c506.jpg,Apple
training,gs://bdcc24_open_images_dataset/images/06e47f3aa0036947.jpg,Apple
training,gs://bdcc24_open_images_dataset/images/00c1d2697deeaea1.jpg,Apple
training,gs://bdcc24_open_images_dataset/images/035079488c9216b2.jpg,Apple
training,gs://bdcc24_open_images_dataset/images/01477ea37494a8ac.jpg,Apple
training,gs://bdcc24_open_images_dataset/images/007050de32524db5.jpg,Apple
training,gs://bdcc24_open_images_dataset/images/038c85427cb3c264.jpg,Apple
training,gs://bdcc24_open_images_dataset/images/025f1a6538c24716.jpg,Apple
training,gs://bdcc24_open_images_dataset/images/01ecc03a12e21e39.jpg,Apple
training,gs://bdcc24_open_images_dataset/images/0656e14f3c0807d4.jpg,Apple
training,gs://bdcc24_open_images_dataset/images/07fb5124cb5d0296.jpg,Apple
training,gs://bdcc24_open_images_dataset/images/047dd7c224720b35.jpg,Apple
training,gs://bdcc24_open_images_dataset/images/04b30e30b03d69e0.jpg,Apple
training,gs://bdcc24_open_images_dataset/images/067812a5d3becded.jpg,Apple
training,gs://bdcc24_open_images_dataset/images/06e246db1a788df7.jpg,Apple
training,gs://bdcc24_open_images_dataset/images/021d8c94fb2d2afe.jpg,Apple
training,gs://bdcc24_open_images_dataset/images/07e94978077ce3d8.jpg,Apple
training,gs://bdcc24_open_images_dataset/images/02cc329ef3f1f7fb.jpg,Apple
training,gs://bdcc24_open_images_dataset/images/02a0c12874938c78.jpg,Apple
validation,gs://bdcc24_open_images_dataset/images/006b4e6f706e3119.jpg,Apple
validation,gs://bdcc24_open_images_dataset/images/03bfc0b1cc6bde63.jpg,Apple
validation,gs://bdcc24_open_images_dataset/images/02f9266b89fce07f.jpg,Apple
validation,gs://bdcc24_open_images_dataset/images/04f2498e3f26c4dc.jpg,Apple
validation,gs://bdcc24_open_images_dataset/images/00316e8bc3ecc649.jpg,Apple
validation,gs://bdcc24_open_images_dataset/images/05f7b854aee7824b.jpg,Apple
validation,gs://bdcc24_open_images_dataset/images/00cc1c601b23f73d.jpg,Apple
validation,gs://bdcc24_open_images_dataset/images/00c5d5b00769dc7d.jpg,Apple
validation,gs://bdcc24_open_images_dataset/images/04a8c7a0509f0ef9.jpg,Apple
training,gs://bdcc24_open_images_dataset/images/00ed0f854974b719.jpg,Apple
validation,gs://bdcc24_open_images_dataset/images/0018c49a9ed3c640.jpg,Apple
test,gs://bdcc24_open_images_dataset/images/024e5409772d1882.jpg,Apple
test,gs://bdcc24_open_images_dataset/images/03d0b50da1131faa.jpg,Apple
test,gs://bdcc24_open_images_dataset/images/017b1db70d21f805.jpg,Apple
test,gs://bdcc24_open_images_dataset/images/0018c5388922350a.jpg,Apple
test,gs://bdcc24_open_images_dataset/images/08c6ca020406ae8a.jpg,Apple
test,gs://bdcc24_open_images_dataset/images/04058060fde8ca26.jpg,Apple
test,gs://bdcc24_open_images_dataset/images/0832353857d358d1.jpg,Apple
test,gs://bdcc24_open_images_dataset/images/05a278a5a6026086.jpg,Apple
test,gs://bdcc24_open_images_dataset/images/00bb5720a7ba062e.jpg,Apple
test,gs://bdcc24_open_images_dataset/images/014d51e552c9e07e.jpg,Apple
training,gs://bdcc24_open_images_dataset/images/01ae5c150cbf4249.jpg,Orange
training,gs://bdcc24_open_images_dataset/images/0117e9fc6978eddb.jpg,Orange
training,gs://bdcc24_open_images_dataset/images/051f4d7efa54c5ea.jpg,Orange
training,gs://bdcc24_open_images_dataset/images/023005cd3bb81d31.jpg,Orange
training,gs://bdcc24_open_images_dataset/images/0074691e66aa85c0.jpg,Orange
training,gs://bdcc24_open_images_dataset/images/087fdf4d2d46fdf5.jpg,Orange
training,gs://bdcc24_open_images_dataset/images/0a9cde18b69f30aa.jpg,Orange
training,gs://bdcc24_open_images_dataset/images/0612ee8f4a9aa481.jpg,Orange
training,gs://bdcc24_open_images_dataset/images/0c21a756fd00c74c.jpg,Orange
training,gs://bdcc24_open_images_dataset/images/07afa437e2aa458b.jpg,Orange
training,gs://bdcc24_open_images_dataset/images/014207f2815ca5e7.jpg,Orange
training,gs://bdcc24_open_images_dataset/images/05331fc123810131.jpg,Orange
training,gs://bdcc24_open_images_dataset/images/09d625b4f568f6be.jpg,Orange
training,gs://bdcc24_open_images_dataset/images/092844c67da28d72.jpg,Orange
training,gs://bdcc24_open_images_dataset/images/0a8543063cd9b347.jpg,Orange
training,gs://bdcc24_open_images_dataset/images/0eb53966cc7ce5fd.jpg,Orange
training,gs://bdcc24_open_images_dataset/images/0bc9985844755dc3.jpg,Orange
training,gs://bdcc24_open_images_dataset/images/0a19e79f9a352c05.jpg,Orange
training,gs://bdcc24_open_images_dataset/images/072a66dbf3a1dc22.jpg,Orange
training,gs://bdcc24_open_images_dataset/images/02aa2ee596ee27f5.jpg,Orange
training,gs://bdcc24_open_images_dataset/images/0a27032c2d991a05.jpg,Orange
training,gs://bdcc24_open_images_dataset/images/0b91a84425bed615.jpg,Orange
training,gs://bdcc24_open_images_dataset/images/089285f2d00c9b7c.jpg,Orange
training,gs://bdcc24_open_images_dataset/images/0055f7e5bac0c8e1.jpg,Orange
training,gs://bdcc24_open_images_dataset/images/0ea08a0392e85dc3.jpg,Orange
training,gs://bdcc24_open_images_dataset/images/0294722acbce3a0b.jpg,Orange
training,gs://bdcc24_open_images_dataset/images/01918ed451cb9a4f.jpg,Orange
training,gs://bdcc24_open_images_dataset/images/000d1976fc8ebfe7.jpg,Orange
training,gs://bdcc24_open_images_dataset/images/0d35309edfc66886.jpg,Orange
training,gs://bdcc24_open_images_dataset/images/01d567b45a25e202.jpg,Orange
training,gs://bdcc24_open_images_dataset/images/046b1bd13f921d19.jpg,Orange
training,gs://bdcc24_open_images_dataset/images/03850e1830a76683.jpg,Orange
training,gs://bdcc24_open_images_dataset/images/02ccbd10d89d4128.jpg,Orange
training,gs://bdcc24_open_images_dataset/images/0dcdacbfd487a00b.jpg,Orange
training,gs://bdcc24_open_images_dataset/images/0802c8bcd502ffe4.jpg,Orange
training,gs://bdcc24_open_images_dataset/images/0a019d7fdb33735b.jpg,Orange
training,gs://bdcc24_open_images_dataset/images/008c0116989c3edd.jpg,Orange
training,gs://bdcc24_open_images_dataset/images/093d9c02650b69bc.jpg,Orange
training,gs://bdcc24_open_images_dataset/images/0242b430afd08d2e.jpg,Orange
training,gs://bdcc24_open_images_dataset/images/06563c039961e938.jpg,Orange
training,gs://bdcc24_open_images_dataset/images/0316ddec5d884517.jpg,Orange
training,gs://bdcc24_open_images_dataset/images/0ac642a6e8fcd800.jpg,Orange
training,gs://bdcc24_open_images_dataset/images/0bedac678c600427.jpg,Orange
training,gs://bdcc24_open_images_dataset/images/040071656d17de97.jpg,Orange
training,gs://bdcc24_open_images_dataset/images/012a60e6e37737bf.jpg,Orange
training,gs://bdcc24_open_images_dataset/images/00fc6771ee6a758d.jpg,Orange
training,gs://bdcc24_open_images_dataset/images/0b4745654978239e.jpg,Orange
training,gs://bdcc24_open_images_dataset/images/0a87ce9ec5d83294.jpg,Orange
training,gs://bdcc24_open_images_dataset/images/0048bc535d4b047c.jpg,Orange
training,gs://bdcc24_open_images_dataset/images/094934f6d4121662.jpg,Orange
training,gs://bdcc24_open_images_dataset/images/00020ebf74c4881c.jpg,Orange
training,gs://bdcc24_open_images_dataset/images/0bbf5ad4ddcf3914.jpg,Orange
training,gs://bdcc24_open_images_dataset/images/0897dcfae16e280f.jpg,Orange
training,gs://bdcc24_open_images_dataset/images/0867b67ea1d6619a.jpg,Orange
training,gs://bdcc24_open_images_dataset/images/003d3be546fe8fc2.jpg,Orange
training,gs://bdcc24_open_images_dataset/images/0332e83343dcf7b1.jpg,Orange
training,gs://bdcc24_open_images_dataset/images/0e6227547e820ae2.jpg,Orange
training,gs://bdcc24_open_images_dataset/images/098df11906519df1.jpg,Orange
training,gs://bdcc24_open_images_dataset/images/0a04b1c8d645f639.jpg,Orange
training,gs://bdcc24_open_images_dataset/images/013995fcf022a7b3.jpg,Orange
training,gs://bdcc24_open_images_dataset/images/0e52146cf9726fb3.jpg,Orange
training,gs://bdcc24_open_images_dataset/images/01dc20bc2bdacdef.jpg,Orange
training,gs://bdcc24_open_images_dataset/images/02228f3e25f4ee85.jpg,Orange
training,gs://bdcc24_open_images_dataset/images/0afff905189a20ed.jpg,Orange
training,gs://bdcc24_open_images_dataset/images/001172cb8dbdb0d6.jpg,Orange
training,gs://bdcc24_open_images_dataset/images/0183c8d78acd17a8.jpg,Orange
training,gs://bdcc24_open_images_dataset/images/030debfd356cd26e.jpg,Orange
training,gs://bdcc24_open_images_dataset/images/02dfc9da1500fa0e.jpg,Orange
training,gs://bdcc24_open_images_dataset/images/078c09eed41abdaa.jpg,Orange
training,gs://bdcc24_open_images_dataset/images/065fc991d6d773fb.jpg,Orange
training,gs://bdcc24_open_images_dataset/images/02ac8e007a385d32.jpg,Orange
training,gs://bdcc24_open_images_dataset/images/07624bb579a2ed83.jpg,Orange
training,gs://bdcc24_open_images_dataset/images/0290db4f27e7a332.jpg,Orange
training,gs://bdcc24_open_images_dataset/images/07ef25ae8d5800b7.jpg,Orange
training,gs://bdcc24_open_images_dataset/images/045960cbda89e7c1.jpg,Orange
training,gs://bdcc24_open_images_dataset/images/07efe71e88480a89.jpg,Orange
training,gs://bdcc24_open_images_dataset/images/0026bf4f813772b9.jpg,Orange
training,gs://bdcc24_open_images_dataset/images/01d8543e5b0999d7.jpg,Orange
training,gs://bdcc24_open_images_dataset/images/09abdc6806818437.jpg,Orange
training,gs://bdcc24_open_images_dataset/images/0c4e3ed5f8399a9a.jpg,Orange
validation,gs://bdcc24_open_images_dataset/images/071d35f85e24e393.jpg,Orange
validation,gs://bdcc24_open_images_dataset/images/022cb3b51130c47a.jpg,Orange
validation,gs://bdcc24_open_images_dataset/images/005ae30846ee8b30.jpg,Orange
validation,gs://bdcc24_open_images_dataset/images/062db2e8f6d82dc9.jpg,Orange
validation,gs://bdcc24_open_images_dataset/images/0308ab6dd6846793.jpg,Orange
validation,gs://bdcc24_open_images_dataset/images/0879b64399d7b38e.jpg,Orange
validation,gs://bdcc24_open_images_dataset/images/0a5f02782dd734ce.jpg,Orange
validation,gs://bdcc24_open_images_dataset/images/0115f8f796b52e3d.jpg,Orange
validation,gs://bdcc24_open_images_dataset/images/00e57fff9d65a8a2.jpg,Orange
validation,gs://bdcc24_open_images_dataset/images/0bdae188bc633793.jpg,Orange
test,gs://bdcc24_open_images_dataset/images/0611d3e815ac8ab9.jpg,Orange
test,gs://bdcc24_open_images_dataset/images/084313deca0c8959.jpg,Orange
test,gs://bdcc24_open_images_dataset/images/0686675712ef0233.jpg,Orange
test,gs://bdcc24_open_images_dataset/images/01bbba51f999febf.jpg,Orange
test,gs://bdcc24_open_images_dataset/images/0aa39bbd6c811157.jpg,Orange
test,gs://bdcc24_open_images_dataset/images/0a4827f20c8aef05.jpg,Orange
test,gs://bdcc24_open_images_dataset/images/0c49181ddadc35b9.jpg,Orange
test,gs://bdcc24_open_images_dataset/images/013f0ff1e9186bea.jpg,Orange
test,gs://bdcc24_open_images_dataset/images/069ee71de0456c3b.jpg,Orange
test,gs://bdcc24_open_images_dataset/images/055815f4e82ba1c6.jpg,Orange
training,gs://bdcc24_open_images_dataset/images/1254b365a36fc7ba.jpg,Peach
training,gs://bdcc24_open_images_dataset/images/7369343250348752.jpg,Peach
training,gs://bdcc24_open_images_dataset/images/00341c3c5825fc7e.jpg,Peach
training,gs://bdcc24_open_images_dataset/images/14195bc74e5229ad.jpg,Peach
training,gs://bdcc24_open_images_dataset/images/2ba6f66409208dae.jpg,Peach
training,gs://bdcc24_open_images_dataset/images/64e85721ae6fd9f9.jpg,Peach
training,gs://bdcc24_open_images_dataset/images/1029eb4a006101b4.jpg,Peach
training,gs://bdcc24_open_images_dataset/images/29eb7d7c4164a826.jpg,Peach
training,gs://bdcc24_open_images_dataset/images/19e8334d666c67cc.jpg,Peach
training,gs://bdcc24_open_images_dataset/images/0a5cb6ae4dc89ebb.jpg,Peach
training,gs://bdcc24_open_images_dataset/images/74c8b4869dd1b12b.jpg,Peach
training,gs://bdcc24_open_images_dataset/images/5ce1da08ca34e5fe.jpg,Peach
training,gs://bdcc24_open_images_dataset/images/7d56d0b74d120bba.jpg,Peach
training,gs://bdcc24_open_images_dataset/images/6a971f8c08817a82.jpg,Peach
training,gs://bdcc24_open_images_dataset/images/233782ae4ace2cde.jpg,Peach
training,gs://bdcc24_open_images_dataset/images/04f70581e9526ff0.jpg,Peach
training,gs://bdcc24_open_images_dataset/images/66804652183ebdf4.jpg,Peach
training,gs://bdcc24_open_images_dataset/images/1dc1d69b2947c456.jpg,Peach
training,gs://bdcc24_open_images_dataset/images/64d5ff94c2f745cd.jpg,Peach
training,gs://bdcc24_open_images_dataset/images/4ce67b06740122a6.jpg,Peach
training,gs://bdcc24_open_images_dataset/images/72555460c8c14f71.jpg,Peach
training,gs://bdcc24_open_images_dataset/images/803bf77509fc13a6.jpg,Peach
training,gs://bdcc24_open_images_dataset/images/009ee2c0953bf956.jpg,Peach
training,gs://bdcc24_open_images_dataset/images/05b6ce673ae3e336.jpg,Peach
training,gs://bdcc24_open_images_dataset/images/08956df1fbc0ba8a.jpg,Peach
training,gs://bdcc24_open_images_dataset/images/4d1386c63311761f.jpg,Peach
training,gs://bdcc24_open_images_dataset/images/27dd0a136f3673bb.jpg,Peach
training,gs://bdcc24_open_images_dataset/images/01ddd15bb736d842.jpg,Peach
training,gs://bdcc24_open_images_dataset/images/1c679e102f6e37a0.jpg,Peach
training,gs://bdcc24_open_images_dataset/images/5ffb52b70070cd9d.jpg,Peach
training,gs://bdcc24_open_images_dataset/images/2e223d838b4c7049.jpg,Peach
training,gs://bdcc24_open_images_dataset/images/2d0a0610c38031f2.jpg,Peach
training,gs://bdcc24_open_images_dataset/images/35de8c36d23e8db0.jpg,Peach
training,gs://bdcc24_open_images_dataset/images/13adde0a44c48376.jpg,Peach
training,gs://bdcc24_open_images_dataset/images/01968ea73417ec3b.jpg,Peach
training,gs://bdcc24_open_images_dataset/images/021d2569ce62aa93.jpg,Peach
training,gs://bdcc24_open_images_dataset/images/293f306b7b3b0a60.jpg,Peach
training,gs://bdcc24_open_images_dataset/images/10a17744b48d7b6d.jpg,Peach
training,gs://bdcc24_open_images_dataset/images/6cf92ce5fc3c22a7.jpg,Peach
training,gs://bdcc24_open_images_dataset/images/5e44db426c792ddb.jpg,Peach
training,gs://bdcc24_open_images_dataset/images/424e527d76a0b610.jpg,Peach
training,gs://bdcc24_open_images_dataset/images/4f3d66d2a749a955.jpg,Peach
training,gs://bdcc24_open_images_dataset/images/1fc7652ec4f62e98.jpg,Peach
training,gs://bdcc24_open_images_dataset/images/15f908c12e4954ac.jpg,Peach
training,gs://bdcc24_open_images_dataset/images/7fd88d1e3d56a00d.jpg,Peach
training,gs://bdcc24_open_images_dataset/images/1232f18e300d3ee0.jpg,Peach
training,gs://bdcc24_open_images_dataset/images/136251d3691284ce.jpg,Peach
training,gs://bdcc24_open_images_dataset/images/6994d75ab8f984f9.jpg,Peach
training,gs://bdcc24_open_images_dataset/images/0c982744c0412543.jpg,Peach
training,gs://bdcc24_open_images_dataset/images/13ab87842b8b787a.jpg,Peach
training,gs://bdcc24_open_images_dataset/images/03d96cc2e2bde18d.jpg,Peach
training,gs://bdcc24_open_images_dataset/images/60eb969931c72e2c.jpg,Peach
training,gs://bdcc24_open_images_dataset/images/3c21227f4dbd3197.jpg,Peach
training,gs://bdcc24_open_images_dataset/images/5088b4de8030f397.jpg,Peach
training,gs://bdcc24_open_images_dataset/images/1f12a6c763959697.jpg,Peach
training,gs://bdcc24_open_images_dataset/images/2f9572e3eb2314e2.jpg,Peach
training,gs://bdcc24_open_images_dataset/images/0d9dc201442dda89.jpg,Peach
training,gs://bdcc24_open_images_dataset/images/0257fcc175bd4eb3.jpg,Peach
training,gs://bdcc24_open_images_dataset/images/526f4ad5e9aea182.jpg,Peach
training,gs://bdcc24_open_images_dataset/images/39d8aada1524942f.jpg,Peach
training,gs://bdcc24_open_images_dataset/images/083fd7de2132871a.jpg,Peach
training,gs://bdcc24_open_images_dataset/images/621c3ef8f40a47ca.jpg,Peach
training,gs://bdcc24_open_images_dataset/images/36ee01e92b756eb4.jpg,Peach
training,gs://bdcc24_open_images_dataset/images/51e1d1d6a3524c89.jpg,Peach
training,gs://bdcc24_open_images_dataset/images/1120be57e1a3c2bb.jpg,Peach
training,gs://bdcc24_open_images_dataset/images/2d20c006beaed56e.jpg,Peach
training,gs://bdcc24_open_images_dataset/images/719cb4c28168d96b.jpg,Peach
training,gs://bdcc24_open_images_dataset/images/0aed93e88706c98e.jpg,Peach
training,gs://bdcc24_open_images_dataset/images/1fa528331a81de68.jpg,Peach
training,gs://bdcc24_open_images_dataset/images/2701c751be7cfa86.jpg,Peach
training,gs://bdcc24_open_images_dataset/images/6626d99e30f6c694.jpg,Peach
training,gs://bdcc24_open_images_dataset/images/067812a5d3becded.jpg,Peach
training,gs://bdcc24_open_images_dataset/images/60e08d2cc8fadc67.jpg,Peach
training,gs://bdcc24_open_images_dataset/images/2680d8906dd6a7a5.jpg,Peach
training,gs://bdcc24_open_images_dataset/images/57b38abf6ce20747.jpg,Peach
training,gs://bdcc24_open_images_dataset/images/3c6a555349c850c0.jpg,Peach
training,gs://bdcc24_open_images_dataset/images/5f94af030c7e635b.jpg,Peach
training,gs://bdcc24_open_images_dataset/images/6ea2da0d1114cda1.jpg,Peach
training,gs://bdcc24_open_images_dataset/images/1acfd560a4424e04.jpg,Peach
validation,gs://bdcc24_open_images_dataset/images/3edd051840b0d9e1.jpg,Peach
validation,gs://bdcc24_open_images_dataset/images/50ee46280638f248.jpg,Peach
validation,gs://bdcc24_open_images_dataset/images/589126bff5b64477.jpg,Peach
validation,gs://bdcc24_open_images_dataset/images/7ba8942114dbacca.jpg,Peach
training,gs://bdcc24_open_images_dataset/images/00ed0f854974b719.jpg,Peach
validation,gs://bdcc24_open_images_dataset/images/1e06912394a048d7.jpg,Peach
validation,gs://bdcc24_open_images_dataset/images/151655b5d044dbb0.jpg,Peach
validation,gs://bdcc24_open_images_dataset/images/8189f8a96f481cee.jpg,Peach
validation,gs://bdcc24_open_images_dataset/images/4a7883c228724ba5.jpg,Peach
validation,gs://bdcc24_open_images_dataset/images/83acecade191992e.jpg,Peach
validation,gs://bdcc24_open_images_dataset/images/544f806ec4d8cd63.jpg,Peach
test,gs://bdcc24_open_images_dataset/images/1a69e41aa77a013b.jpg,Peach
test,gs://bdcc24_open_images_dataset/images/187a8ec5b4cda064.jpg,Peach
test,gs://bdcc24_open_images_dataset/images/0ca228dd301e7888.jpg,Peach
test,gs://bdcc24_open_images_dataset/images/1953d3a1f9f35b54.jpg,Peach
test,gs://bdcc24_open_images_dataset/images/045688d83ad1caf4.jpg,Peach
test,gs://bdcc24_open_images_dataset/images/26c868d9e1282f01.jpg,Peach
test,gs://bdcc24_open_images_dataset/images/4f8b1ff7208a562b.jpg,Peach
test,gs://bdcc24_open_images_dataset/images/13138a8e6720809b.jpg,Peach
test,gs://bdcc24_open_images_dataset/images/059133a3b6e8b464.jpg,Peach
test,gs://bdcc24_open_images_dataset/images/5deee27e2b7b52b6.jpg,Peach
training,gs://bdcc24_open_images_dataset/images/015b2fb888ec339f.jpg,Hamburguer
training,gs://bdcc24_open_images_dataset/images/058e8aba37a4213f.jpg,Hamburguer
training,gs://bdcc24_open_images_dataset/images/0263e07cf3416e2d.jpg,Hamburguer
training,gs://bdcc24_open_images_dataset/images/02761836c1e4ac93.jpg,Hamburguer
training,gs://bdcc24_open_images_dataset/images/0591cc0e606450a0.jpg,Hamburguer
training,gs://bdcc24_open_images_dataset/images/0414b2198b98dac8.jpg,Hamburguer
training,gs://bdcc24_open_images_dataset/images/069bd3700d598c23.jpg,Hamburguer
training,gs://bdcc24_open_images_dataset/images/0441a2b2bcf03b50.jpg,Hamburguer
training,gs://bdcc24_open_images_dataset/images/03e2a8ae34bdb18f.jpg,Hamburguer
training,gs://bdcc24_open_images_dataset/images/03658859d7a4b860.jpg,Hamburguer
training,gs://bdcc24_open_images_dataset/images/0689c72719cd7fb1.jpg,Hamburguer
training,gs://bdcc24_open_images_dataset/images/0547b867e41a6bc9.jpg,Hamburguer
training,gs://bdcc24_open_images_dataset/images/0109ed378642c799.jpg,Hamburguer
training,gs://bdcc24_open_images_dataset/images/05c920d512f2d9ff.jpg,Hamburguer
training,gs://bdcc24_open_images_dataset/images/032a117dff850653.jpg,Hamburguer
training,gs://bdcc24_open_images_dataset/images/002281af9a08c5d9.jpg,Hamburguer
training,gs://bdcc24_open_images_dataset/images/06e37fc515c4c81f.jpg,Hamburguer
training,gs://bdcc24_open_images_dataset/images/03acd0d01581a3c5.jpg,Hamburguer
training,gs://bdcc24_open_images_dataset/images/028ca0580fed3628.jpg,Hamburguer
training,gs://bdcc24_open_images_dataset/images/041f6fdf50bedbe8.jpg,Hamburguer
training,gs://bdcc24_open_images_dataset/images/01fb74ced447a088.jpg,Hamburguer
training,gs://bdcc24_open_images_dataset/images/028f9e204c7f0335.jpg,Hamburguer
training,gs://bdcc24_open_images_dataset/images/068ee216036c766d.jpg,Hamburguer
training,gs://bdcc24_open_images_dataset/images/0560a22402c23590.jpg,Hamburguer
training,gs://bdcc24_open_images_dataset/images/048b144746d591a2.jpg,Hamburguer
training,gs://bdcc24_open_images_dataset/images/05f4225391bc69da.jpg,Hamburguer
training,gs://bdcc24_open_images_dataset/images/03ad76a4db7b8728.jpg,Hamburguer
training,gs://bdcc24_open_images_dataset/images/05764debad495b44.jpg,Hamburguer
training,gs://bdcc24_open_images_dataset/images/063f41d394e9e960.jpg,Hamburguer
training,gs://bdcc24_open_images_dataset/images/014012aaddbfa323.jpg,Hamburguer
training,gs://bdcc24_open_images_dataset/images/01ba7a2a32177dee.jpg,Hamburguer
training,gs://bdcc24_open_images_dataset/images/00a6ac1848c841fa.jpg,Hamburguer
training,gs://bdcc24_open_images_dataset/images/023e315d28eea059.jpg,Hamburguer
training,gs://bdcc24_open_images_dataset/images/03115223fe6ec79d.jpg,Hamburguer
training,gs://bdcc24_open_images_dataset/images/021bbede4fe66f10.jpg,Hamburguer
training,gs://bdcc24_open_images_dataset/images/055ee628524ac325.jpg,Hamburguer
training,gs://bdcc24_open_images_dataset/images/06c1afc970b34f87.jpg,Hamburguer
training,gs://bdcc24_open_images_dataset/images/02819a04150f5207.jpg,Hamburguer
training,gs://bdcc24_open_images_dataset/images/01b375a13a69dc80.jpg,Hamburguer
training,gs://bdcc24_open_images_dataset/images/00902df449c3460e.jpg,Hamburguer
training,gs://bdcc24_open_images_dataset/images/06986c4cca7602c8.jpg,Hamburguer
training,gs://bdcc24_open_images_dataset/images/04e51efc6c5eaecf.jpg,Hamburguer
training,gs://bdcc24_open_images_dataset/images/02518aec849f8893.jpg,Hamburguer
training,gs://bdcc24_open_images_dataset/images/020620312ed90519.jpg,Hamburguer
training,gs://bdcc24_open_images_dataset/images/0154bb711417cefb.jpg,Hamburguer
training,gs://bdcc24_open_images_dataset/images/03b14a33c5079c15.jpg,Hamburguer
training,gs://bdcc24_open_images_dataset/images/01bc8823f8799e89.jpg,Hamburguer
training,gs://bdcc24_open_images_dataset/images/0635240fe1deb84a.jpg,Hamburguer
training,gs://bdcc24_open_images_dataset/images/01ffebc5e2b82c90.jpg,Hamburguer
training,gs://bdcc24_open_images_dataset/images/015c358ca3a77804.jpg,Hamburguer
training,gs://bdcc24_open_images_dataset/images/06712263c2bcd929.jpg,Hamburguer
training,gs://bdcc24_open_images_dataset/images/03da2cf4bef28cfb.jpg,Hamburguer
training,gs://bdcc24_open_images_dataset/images/0552e9c4e54f1ff3.jpg,Hamburguer
training,gs://bdcc24_open_images_dataset/images/05e5afaad63f5e62.jpg,Hamburguer
training,gs://bdcc24_open_images_dataset/images/06e2c5e45451cae2.jpg,Hamburguer
training,gs://bdcc24_open_images_dataset/images/05a8981a9a6f3539.jpg,Hamburguer
training,gs://bdcc24_open_images_dataset/images/04947bfd5edccc6a.jpg,Hamburguer
training,gs://bdcc24_open_images_dataset/images/0241c07973160eb6.jpg,Hamburguer
training,gs://bdcc24_open_images_dataset/images/006b4ae674380a24.jpg,Hamburguer
training,gs://bdcc24_open_images_dataset/images/001ac70b6184abed.jpg,Hamburguer
training,gs://bdcc24_open_images_dataset/images/04ef99d0f156037b.jpg,Hamburguer
training,gs://bdcc24_open_images_dataset/images/01f8865ab2a6a4ca.jpg,Hamburguer
training,gs://bdcc24_open_images_dataset/images/00723ad5d7021de5.jpg,Hamburguer
training,gs://bdcc24_open_images_dataset/images/017b89d966e4bfd5.jpg,Hamburguer
training,gs://bdcc24_open_images_dataset/images/0596feee5861123a.jpg,Hamburguer
training,gs://bdcc24_open_images_dataset/images/05a182d9503a06b3.jpg,Hamburguer
training,gs://bdcc24_open_images_dataset/images/0344b2cc9d7bfeb6.jpg,Hamburguer
training,gs://bdcc24_open_images_dataset/images/0230d09e338ef84d.jpg,Hamburguer
training,gs://bdcc24_open_images_dataset/images/00fa6d84e58e16cf.jpg,Hamburguer
training,gs://bdcc24_open_images_dataset/images/028c3acccb1ebed6.jpg,Hamburguer
training,gs://bdcc24_open_images_dataset/images/03c5454db1efb8b6.jpg,Hamburguer
training,gs://bdcc24_open_images_dataset/images/02a59c80ba97be49.jpg,Hamburguer
training,gs://bdcc24_open_images_dataset/images/04d9ac484d3820a5.jpg,Hamburguer
training,gs://bdcc24_open_images_dataset/images/03de0c24e966e7f4.jpg,Hamburguer
training,gs://bdcc24_open_images_dataset/images/0012119430478f5a.jpg,Hamburguer
training,gs://bdcc24_open_images_dataset/images/03628e2010cf70a7.jpg,Hamburguer
training,gs://bdcc24_open_images_dataset/images/05ec6c920f8ca532.jpg,Hamburguer
training,gs://bdcc24_open_images_dataset/images/02a89cee83e56ca2.jpg,Hamburguer
training,gs://bdcc24_open_images_dataset/images/0171253cf854d2c3.jpg,Hamburguer
training,gs://bdcc24_open_images_dataset/images/00e6ea425ec674b7.jpg,Hamburguer
validation,gs://bdcc24_open_images_dataset/images/0026c070b0edd913.jpg,Hamburguer
validation,gs://bdcc24_open_images_dataset/images/05f9e965bf500283.jpg,Hamburguer
validation,gs://bdcc24_open_images_dataset/images/06e4ae3b07ba9861.jpg,Hamburguer
validation,gs://bdcc24_open_images_dataset/images/0011e5d4c30a5b42.jpg,Hamburguer
validation,gs://bdcc24_open_images_dataset/images/02d5ce715debb8bb.jpg,Hamburguer
validation,gs://bdcc24_open_images_dataset/images/0340765fa86a903e.jpg,Hamburguer
validation,gs://bdcc24_open_images_dataset/images/009858c5ce9e782e.jpg,Hamburguer
validation,gs://bdcc24_open_images_dataset/images/01ad13e5e7fd8311.jpg,Hamburguer
validation,gs://bdcc24_open_images_dataset/images/05d1d7c22f749f28.jpg,Hamburguer
validation,gs://bdcc24_open_images_dataset/images/06065d2d3b4578ad.jpg,Hamburguer
test,gs://bdcc24_open_images_dataset/images/008d30408a115f93.jpg,Hamburguer
test,gs://bdcc24_open_images_dataset/images/006e452efd8b8271.jpg,Hamburguer
test,gs://bdcc24_open_images_dataset/images/024f0ff35fce02ff.jpg,Hamburguer
test,gs://bdcc24_open_images_dataset/images/021d849cb1921bb0.jpg,Hamburguer
test,gs://bdcc24_open_images_dataset/images/026ee9668d5681fa.jpg,Hamburguer
test,gs://bdcc24_open_images_dataset/images/023f5df1cf7bb9d2.jpg,Hamburguer
test,gs://bdcc24_open_images_dataset/images/00fa2f28c8f2660c.jpg,Hamburguer
test,gs://bdcc24_open_images_dataset/images/03f258806f21e653.jpg,Hamburguer
test,gs://bdcc24_open_images_dataset/images/025a2889a6e5e55a.jpg,Hamburguer
test,gs://bdcc24_open_images_dataset/images/01c942eb06d31e23.jpg,Hamburguer
training,gs://bdcc24_open_images_dataset/images/000cc62f167d9fa4.jpg,Pizza
training,gs://bdcc24_open_images_dataset/images/026c78d3d4011090.jpg,Pizza
training,gs://bdcc24_open_images_dataset/images/04ca3b39c028e60c.jpg,Pizza
training,gs://bdcc24_open_images_dataset/images/0624a9fe80cba34a.jpg,Pizza
training,gs://bdcc24_open_images_dataset/images/02e83308858583c8.jpg,Pizza
training,gs://bdcc24_open_images_dataset/images/0054bc54f86cb9cb.jpg,Pizza
training,gs://bdcc24_open_images_dataset/images/027fc8b3e84fe87b.jpg,Pizza
training,gs://bdcc24_open_images_dataset/images/00679d9a75e51bee.jpg,Pizza
training,gs://bdcc24_open_images_dataset/images/00f8448aaae2702c.jpg,Pizza
training,gs://bdcc24_open_images_dataset/images/04c2f24356939edf.jpg,Pizza
training,gs://bdcc24_open_images_dataset/images/03d07bfe411bc83f.jpg,Pizza
training,gs://bdcc24_open_images_dataset/images/037e8bab9ed22a4a.jpg,Pizza
training,gs://bdcc24_open_images_dataset/images/016a02cbc3052227.jpg,Pizza
training,gs://bdcc24_open_images_dataset/images/009fa7754fece924.jpg,Pizza
training,gs://bdcc24_open_images_dataset/images/01f842542c87b98d.jpg,Pizza
training,gs://bdcc24_open_images_dataset/images/007c209f26d45108.jpg,Pizza
training,gs://bdcc24_open_images_dataset/images/036b77576f7b54cd.jpg,Pizza
training,gs://bdcc24_open_images_dataset/images/00f44a518c6bace6.jpg,Pizza
training,gs://bdcc24_open_images_dataset/images/02d0e9d57612383c.jpg,Pizza
training,gs://bdcc24_open_images_dataset/images/03d77bbfb9d9e5b1.jpg,Pizza
training,gs://bdcc24_open_images_dataset/images/03d51de92adbc117.jpg,Pizza
training,gs://bdcc24_open_images_dataset/images/052c7ea5e177d189.jpg,Pizza
training,gs://bdcc24_open_images_dataset/images/00dc0baf74f95e45.jpg,Pizza
training,gs://bdcc24_open_images_dataset/images/0314ad91727738ea.jpg,Pizza
training,gs://bdcc24_open_images_dataset/images/01a6475150dbd731.jpg,Pizza
training,gs://bdcc24_open_images_dataset/images/053d2ed318a26b59.jpg,Pizza
training,gs://bdcc24_open_images_dataset/images/00ef657f845b8471.jpg,Pizza
training,gs://bdcc24_open_images_dataset/images/02ed611f88177ee4.jpg,Pizza
training,gs://bdcc24_open_images_dataset/images/00eac367b23ef0ec.jpg,Pizza
training,gs://bdcc24_open_images_dataset/images/04113c613237c897.jpg,Pizza
training,gs://bdcc24_open_images_dataset/images/02ab5dfe33c9cf1c.jpg,Pizza
training,gs://bdcc24_open_images_dataset/images/00658ec9543609a5.jpg,Pizza
training,gs://bdcc24_open_images_dataset/images/013fe827b67cfd60.jpg,Pizza
training,gs://bdcc24_open_images_dataset/images/0012cc1f1c9c9b2a.jpg,Pizza
training,gs://bdcc24_open_images_dataset/images/0155fd69df599047.jpg,Pizza
training,gs://bdcc24_open_images_dataset/images/0212fed5e10f3943.jpg,Pizza
training,gs://bdcc24_open_images_dataset/images/02d57b7042ca87d0.jpg,Pizza
training,gs://bdcc24_open_images_dataset/images/00d65e278fa093ce.jpg,Pizza
training,gs://bdcc24_open_images_dataset/images/05e11491eba224fd.jpg,Pizza
training,gs://bdcc24_open_images_dataset/images/04891d3fe79551a1.jpg,Pizza
training,gs://bdcc24_open_images_dataset/images/01be4572108a0b1a.jpg,Pizza
training,gs://bdcc24_open_images_dataset/images/0270a71d84562661.jpg,Pizza
training,gs://bdcc24_open_images_dataset/images/0051d14ab717cbe0.jpg,Pizza
training,gs://bdcc24_open_images_dataset/images/037a52eda9ea0778.jpg,Pizza
training,gs://bdcc24_open_images_dataset/images/06375954f2c22bad.jpg,Pizza
training,gs://bdcc24_open_images_dataset/images/00d6346cd9a08867.jpg,Pizza
training,gs://bdcc24_open_images_dataset/images/02c979b2a0b773df.jpg,Pizza
training,gs://bdcc24_open_images_dataset/images/0333e344ab4137de.jpg,Pizza
training,gs://bdcc24_open_images_dataset/images/04eb37fce274bc5e.jpg,Pizza
training,gs://bdcc24_open_images_dataset/images/050f5bb311e21219.jpg,Pizza
training,gs://bdcc24_open_images_dataset/images/0597d47498c296d3.jpg,Pizza
training,gs://bdcc24_open_images_dataset/images/0211cc235808f9a8.jpg,Pizza
training,gs://bdcc24_open_images_dataset/images/0580b6346091a342.jpg,Pizza
training,gs://bdcc24_open_images_dataset/images/0467515a03e8d7d0.jpg,Pizza
training,gs://bdcc24_open_images_dataset/images/0361362670771a2f.jpg,Pizza
training,gs://bdcc24_open_images_dataset/images/018b166b12084cf3.jpg,Pizza
training,gs://bdcc24_open_images_dataset/images/02a8fcf5aff5f92e.jpg,Pizza
training,gs://bdcc24_open_images_dataset/images/011abcca96c5cf28.jpg,Pizza
training,gs://bdcc24_open_images_dataset/images/056aea82a04a4787.jpg,Pizza
training,gs://bdcc24_open_images_dataset/images/05ee54ac9b2614e6.jpg,Pizza
training,gs://bdcc24_open_images_dataset/images/00dbb72c28445c51.jpg,Pizza
training,gs://bdcc24_open_images_dataset/images/0390e57cb9d74d2b.jpg,Pizza
training,gs://bdcc24_open_images_dataset/images/0044d20df995abde.jpg,Pizza
training,gs://bdcc24_open_images_dataset/images/033c895ea4da2e86.jpg,Pizza
training,gs://bdcc24_open_images_dataset/images/0525804e5326df4f.jpg,Pizza
training,gs://bdcc24_open_images_dataset/images/0018471dd5d247a8.jpg,Pizza
training,gs://bdcc24_open_images_dataset/images/0187d91418100b9a.jpg,Pizza
training,gs://bdcc24_open_images_dataset/images/02218cb5ec6b34c5.jpg,Pizza
training,gs://bdcc24_open_images_dataset/images/011dd853f0afa2c5.jpg,Pizza
training,gs://bdcc24_open_images_dataset/images/006ea67e5bd4ad43.jpg,Pizza
training,gs://bdcc24_open_images_dataset/images/0626212e34854ecb.jpg,Pizza
training,gs://bdcc24_open_images_dataset/images/001ac70b6184abed.jpg,Pizza
training,gs://bdcc24_open_images_dataset/images/0537ae9a374fb266.jpg,Pizza
training,gs://bdcc24_open_images_dataset/images/007491a9bdd2c0e7.jpg,Pizza
training,gs://bdcc24_open_images_dataset/images/0680615a46a53db5.jpg,Pizza
training,gs://bdcc24_open_images_dataset/images/068268cdf61f5087.jpg,Pizza
training,gs://bdcc24_open_images_dataset/images/00f1c116d0fa2674.jpg,Pizza
training,gs://bdcc24_open_images_dataset/images/057cd3456cf107a1.jpg,Pizza
training,gs://bdcc24_open_images_dataset/images/047f126b18a2e083.jpg,Pizza
training,gs://bdcc24_open_images_dataset/images/0644c47b24253a96.jpg,Pizza
validation,gs://bdcc24_open_images_dataset/images/00129974920bdf01.jpg,Pizza
validation,gs://bdcc24_open_images_dataset/images/00db865b6604cc20.jpg,Pizza
validation,gs://bdcc24_open_images_dataset/images/028a393270285c2a.jpg,Pizza
validation,gs://bdcc24_open_images_dataset/images/050304cfd38b06fa.jpg,Pizza
validation,gs://bdcc24_open_images_dataset/images/030f6a908737bbca.jpg,Pizza
validation,gs://bdcc24_open_images_dataset/images/066ba98f42b73db2.jpg,Pizza
validation,gs://bdcc24_open_images_dataset/images/05c39fd885f9c480.jpg,Pizza
validation,gs://bdcc24_open_images_dataset/images/00ad90be80648f7f.jpg,Pizza
validation,gs://bdcc24_open_images_dataset/images/058a7e4643a6c4fb.jpg,Pizza
validation,gs://bdcc24_open_images_dataset/images/065f497c5d84e241.jpg,Pizza
test,gs://bdcc24_open_images_dataset/images/0089e7411ea3fd2a.jpg,Pizza
test,gs://bdcc24_open_images_dataset/images/0056afb158c56b75.jpg,Pizza
test,gs://bdcc24_open_images_dataset/images/050a5b05d45660e8.jpg,Pizza
test,gs://bdcc24_open_images_dataset/images/04caa26ab94372d9.jpg,Pizza
test,gs://bdcc24_open_images_dataset/images/05cc3ad5f316c800.jpg,Pizza
test,gs://bdcc24_open_images_dataset/images/01bab6819fb481cc.jpg,Pizza
test,gs://bdcc24_open_images_dataset/images/02ab3db0659923ed.jpg,Pizza
test,gs://bdcc24_open_images_dataset/images/008661f71363796c.jpg,Pizza
test,gs://bdcc24_open_images_dataset/images/05c4a364b55ecc5d.jpg,Pizza
test,gs://bdcc24_open_images_dataset/images/05955dbe4bf76a9d.jpg,Pizza
training,gs://bdcc24_open_images_dataset/images/0459746090252dca.jpg,Sandwich
training,gs://bdcc24_open_images_dataset/images/04dae861dd161a15.jpg,Sandwich
training,gs://bdcc24_open_images_dataset/images/0510d30f1fc4987f.jpg,Sandwich
training,gs://bdcc24_open_images_dataset/images/0717d8d685c54c76.jpg,Sandwich
training,gs://bdcc24_open_images_dataset/images/0020f89e4cb5041d.jpg,Sandwich
training,gs://bdcc24_open_images_dataset/images/05d232aaa7e376b3.jpg,Sandwich
training,gs://bdcc24_open_images_dataset/images/06b6cc07246f6a90.jpg,Sandwich
training,gs://bdcc24_open_images_dataset/images/00a19920c9230cb9.jpg,Sandwich
training,gs://bdcc24_open_images_dataset/images/0762042f7254728a.jpg,Sandwich
training,gs://bdcc24_open_images_dataset/images/02849024ef7bad2b.jpg,Sandwich
training,gs://bdcc24_open_images_dataset/images/0247c5d0e9a25250.jpg,Sandwich
training,gs://bdcc24_open_images_dataset/images/004903710bc67e93.jpg,Sandwich
training,gs://bdcc24_open_images_dataset/images/054c6167a86ca6ea.jpg,Sandwich
training,gs://bdcc24_open_images_dataset/images/00c0c0620ce884cb.jpg,Sandwich
training,gs://bdcc24_open_images_dataset/images/0253971508fc9b6c.jpg,Sandwich
training,gs://bdcc24_open_images_dataset/images/007345f7a529b9d8.jpg,Sandwich
training,gs://bdcc24_open_images_dataset/images/00896f32ba923ded.jpg,Sandwich
training,gs://bdcc24_open_images_dataset/images/04670d6f5b539780.jpg,Sandwich
training,gs://bdcc24_open_images_dataset/images/053caf7ed6d24ffc.jpg,Sandwich
training,gs://bdcc24_open_images_dataset/images/060a4cef3ac01368.jpg,Sandwich
training,gs://bdcc24_open_images_dataset/images/0449f62156e6a6d9.jpg,Sandwich
training,gs://bdcc24_open_images_dataset/images/0307f59502f8f3d1.jpg,Sandwich
training,gs://bdcc24_open_images_dataset/images/011710b4c99c0eee.jpg,Sandwich
training,gs://bdcc24_open_images_dataset/images/0137d5fb4833ff10.jpg,Sandwich
training,gs://bdcc24_open_images_dataset/images/037de3ef900637a4.jpg,Sandwich
training,gs://bdcc24_open_images_dataset/images/00ef429327725179.jpg,Sandwich
training,gs://bdcc24_open_images_dataset/images/048bc39ad2fa8e66.jpg,Sandwich
training,gs://bdcc24_open_images_dataset/images/001b3933d63541b0.jpg,Sandwich
training,gs://bdcc24_open_images_dataset/images/0134c9aef69c5a1b.jpg,Sandwich
training,gs://bdcc24_open_images_dataset/images/04ccf9db4cdeb2bc.jpg,Sandwich
training,gs://bdcc24_open_images_dataset/images/05bac65049443a01.jpg,Sandwich
training,gs://bdcc24_open_images_dataset/images/033bb7074084897e.jpg,Sandwich
training,gs://bdcc24_open_images_dataset/images/0312a13dc16ab0dc.jpg,Sandwich
training,gs://bdcc24_open_images_dataset/images/03f0de61e25d5964.jpg,Sandwich
training,gs://bdcc24_open_images_dataset/images/04bd4e88c1032811.jpg,Sandwich
training,gs://bdcc24_open_images_dataset/images/00ab96210ab6c0a2.jpg,Sandwich
training,gs://bdcc24_open_images_dataset/images/0318a5dd0a6a615f.jpg,Sandwich
training,gs://bdcc24_open_images_dataset/images/04457cabfe4dfaa6.jpg,Sandwich
training,gs://bdcc24_open_images_dataset/images/00d66e118dd76a8a.jpg,Sandwich
training,gs://bdcc24_open_images_dataset/images/06b0758479f46dbe.jpg,Sandwich
training,gs://bdcc24_open_images_dataset/images/00ff646ca6637bd7.jpg,Sandwich
training,gs://bdcc24_open_images_dataset/images/029ed5f16d105fac.jpg,Sandwich
training,gs://bdcc24_open_images_dataset/images/0485571ca0280731.jpg,Sandwich
training,gs://bdcc24_open_images_dataset/images/000fcf404455b8dc.jpg,Sandwich
training,gs://bdcc24_open_images_dataset/images/068ba8b65d8161c0.jpg,Sandwich
training,gs://bdcc24_open_images_dataset/images/01c091b4c7214ec0.jpg,Sandwich
training,gs://bdcc24_open_images_dataset/images/0137c5148dce8729.jpg,Sandwich
training,gs://bdcc24_open_images_dataset/images/048c9386517ac7d7.jpg,Sandwich
training,gs://bdcc24_open_images_dataset/images/00c179c6cda9b2d9.jpg,Sandwich
training,gs://bdcc24_open_images_dataset/images/0763960c67ec1783.jpg,Sandwich
training,gs://bdcc24_open_images_dataset/images/041601316658a382.jpg,Sandwich
training,gs://bdcc24_open_images_dataset/images/01627e41002e0f76.jpg,Sandwich
training,gs://bdcc24_open_images_dataset/images/0289d6d41d805a35.jpg,Sandwich
training,gs://bdcc24_open_images_dataset/images/0501861e0d661ae4.jpg,Sandwich
training,gs://bdcc24_open_images_dataset/images/0205ecf5c89e9d0f.jpg,Sandwich
training,gs://bdcc24_open_images_dataset/images/03afd3b90bcf0e16.jpg,Sandwich
training,gs://bdcc24_open_images_dataset/images/016a6a7191efbc9c.jpg,Sandwich
training,gs://bdcc24_open_images_dataset/images/025951ecc1f241ea.jpg,Sandwich
training,gs://bdcc24_open_images_dataset/images/06da8e3c2a3f3058.jpg,Sandwich
training,gs://bdcc24_open_images_dataset/images/00acb7cd141284d4.jpg,Sandwich
training,gs://bdcc24_open_images_dataset/images/03e3ef82ac051558.jpg,Sandwich
training,gs://bdcc24_open_images_dataset/images/01c99051b65fe95f.jpg,Sandwich
training,gs://bdcc24_open_images_dataset/images/00b620fe0b6c3805.jpg,Sandwich
training,gs://bdcc24_open_images_dataset/images/072d817e5a08b259.jpg,Sandwich
training,gs://bdcc24_open_images_dataset/images/036081e6067b3def.jpg,Sandwich
training,gs://bdcc24_open_images_dataset/images/02c32c126d2f7466.jpg,Sandwich
training,gs://bdcc24_open_images_dataset/images/00764d102099c268.jpg,Sandwich
training,gs://bdcc24_open_images_dataset/images/01decc9e7722ce80.jpg,Sandwich
training,gs://bdcc24_open_images_dataset/images/05f482966830fab3.jpg,Sandwich
training,gs://bdcc24_open_images_dataset/images/02b4c6ca5decb4f9.jpg,Sandwich
training,gs://bdcc24_open_images_dataset/images/01b4dc84e78a2de3.jpg,Sandwich
training,gs://bdcc24_open_images_dataset/images/020b71a824c64a8c.jpg,Sandwich
training,gs://bdcc24_open_images_dataset/images/05a5442976c4cc1a.jpg,Sandwich
training,gs://bdcc24_open_images_dataset/images/02fca2692d8d456b.jpg,Sandwich
training,gs://bdcc24_open_images_dataset/images/03b32a278e331008.jpg,Sandwich
training,gs://bdcc24_open_images_dataset/images/02bfad59a6a15f9e.jpg,Sandwich
training,gs://bdcc24_open_images_dataset/images/074973067bd66571.jpg,Sandwich
training,gs://bdcc24_open_images_dataset/images/022bf1c41f8b2e94.jpg,Sandwich
training,gs://bdcc24_open_images_dataset/images/0269a7ecce257321.jpg,Sandwich
training,gs://bdcc24_open_images_dataset/images/02bc8fe1b8a7b378.jpg,Sandwich
validation,gs://bdcc24_open_images_dataset/images/007718909282d6eb.jpg,Sandwich
validation,gs://bdcc24_open_images_dataset/images/05774f02ffb157d1.jpg,Sandwich
validation,gs://bdcc24_open_images_dataset/images/035d569176e13582.jpg,Sandwich
validation,gs://bdcc24_open_images_dataset/images/0129c15792c61ea9.jpg,Sandwich
validation,gs://bdcc24_open_images_dataset/images/04ece8c0604c3f42.jpg,Sandwich
validation,gs://bdcc24_open_images_dataset/images/036c4d7799124417.jpg,Sandwich
validation,gs://bdcc24_open_images_dataset/images/072ac95709f114a9.jpg,Sandwich
validation,gs://bdcc24_open_images_dataset/images/0419ee53c25a11a4.jpg,Sandwich
validation,gs://bdcc24_open_images_dataset/images/02e5bd567b45ad81.jpg,Sandwich
validation,gs://bdcc24_open_images_dataset/images/04099aceb07532cd.jpg,Sandwich
test,gs://bdcc24_open_images_dataset/images/051631d45ce1607b.jpg,Sandwich
test,gs://bdcc24_open_images_dataset/images/03ba173aba01bf3a.jpg,Sandwich
test,gs://bdcc24_open_images_dataset/images/0504e5b170fd1c01.jpg,Sandwich
test,gs://bdcc24_open_images_dataset/images/048521ece07200b1.jpg,Sandwich
test,gs://bdcc24_open_images_dataset/images/0293c2d1c4af195a.jpg,Sandwich
test,gs://bdcc24_open_images_dataset/images/07122bcbedd7a531.jpg,Sandwich
test,gs://bdcc24_open_images_dataset/images/05a5ea30888b68bd.jpg,Sandwich
test,gs://bdcc24_open_images_dataset/images/063e678d07b06a91.jpg,Sandwich
test,gs://bdcc24_open_images_dataset/images/01bfd85c871aee08.jpg,Sandwich
test,gs://bdcc24_open_images_dataset/images/06abfef145250d36.jpg,Sandwich
training,gs://bdcc24_open_images_dataset/images/07e24fadde9eecfb.jpg,Tart
training,gs://bdcc24_open_images_dataset/images/0c04aa9daefdb4ad.jpg,Tart
training,gs://bdcc24_open_images_dataset/images/1940fba61bb6831f.jpg,Tart
training,gs://bdcc24_open_images_dataset/images/1822a6ed88b537cb.jpg,Tart
training,gs://bdcc24_open_images_dataset/images/10a202895cba1011.jpg,Tart
training,gs://bdcc24_open_images_dataset/images/1f6adc91c1a0d421.jpg,Tart
training,gs://bdcc24_open_images_dataset/images/0a299f5174fd3350.jpg,Tart
training,gs://bdcc24_open_images_dataset/images/18574d85b8d78052.jpg,Tart
training,gs://bdcc24_open_images_dataset/images/01bad80725c5c837.jpg,Tart
training,gs://bdcc24_open_images_dataset/images/0513959a5fb070a3.jpg,Tart
training,gs://bdcc24_open_images_dataset/images/03d07bfe411bc83f.jpg,Tart
training,gs://bdcc24_open_images_dataset/images/00f3b0aff300a5f8.jpg,Tart
training,gs://bdcc24_open_images_dataset/images/18a1885bba2605f3.jpg,Tart
training,gs://bdcc24_open_images_dataset/images/07fb8c70b07cb817.jpg,Tart
training,gs://bdcc24_open_images_dataset/images/0fe228eb1baa8c29.jpg,Tart
training,gs://bdcc24_open_images_dataset/images/007c209f26d45108.jpg,Tart
training,gs://bdcc24_open_images_dataset/images/04cad81ed9731208.jpg,Tart
training,gs://bdcc24_open_images_dataset/images/0e027812a766a6dd.jpg,Tart
training,gs://bdcc24_open_images_dataset/images/03f390c07e266506.jpg,Tart
training,gs://bdcc24_open_images_dataset/images/122277cd21f00b04.jpg,Tart
training,gs://bdcc24_open_images_dataset/images/03ce75d125eb3237.jpg,Tart
training,gs://bdcc24_open_images_dataset/images/013fe827b67cfd60.jpg,Tart
training,gs://bdcc24_open_images_dataset/images/14d3f1f3485aa7d2.jpg,Tart
training,gs://bdcc24_open_images_dataset/images/037e0e6b81895696.jpg,Tart
training,gs://bdcc24_open_images_dataset/images/16bb9985760943b4.jpg,Tart
training,gs://bdcc24_open_images_dataset/images/0cfffcf5bfc9fbad.jpg,Tart
training,gs://bdcc24_open_images_dataset/images/14a0e5ead90512d4.jpg,Tart
training,gs://bdcc24_open_images_dataset/images/1b457d9a0e7ad7fe.jpg,Tart
training,gs://bdcc24_open_images_dataset/images/181396ae19310988.jpg,Tart
training,gs://bdcc24_open_images_dataset/images/152211a4d3763d70.jpg,Tart
training,gs://bdcc24_open_images_dataset/images/0516ef15d4aa5ce6.jpg,Tart
training,gs://bdcc24_open_images_dataset/images/0339d9fc9e270d6f.jpg,Tart
training,gs://bdcc24_open_images_dataset/images/01d646231e5e39b8.jpg,Tart
training,gs://bdcc24_open_images_dataset/images/053e4475dd2964af.jpg,Tart
training,gs://bdcc24_open_images_dataset/images/1c7acfbdfbbb3082.jpg,Tart
training,gs://bdcc24_open_images_dataset/images/1c1df9cffc5bba73.jpg,Tart
training,gs://bdcc24_open_images_dataset/images/1aa57c738091929f.jpg,Tart
training,gs://bdcc24_open_images_dataset/images/21ed31a3e84d4820.jpg,Tart
training,gs://bdcc24_open_images_dataset/images/002ef43956cd30a8.jpg,Tart
training,gs://bdcc24_open_images_dataset/images/07fdba75efb1a12e.jpg,Tart
training,gs://bdcc24_open_images_dataset/images/05891358a6ca21a1.jpg,Tart
training,gs://bdcc24_open_images_dataset/images/03e2e6fdaf188916.jpg,Tart
training,gs://bdcc24_open_images_dataset/images/080848e69fbfb3ac.jpg,Tart
training,gs://bdcc24_open_images_dataset/images/02592730028a26cb.jpg,Tart
training,gs://bdcc24_open_images_dataset/images/1fce3fcff0900727.jpg,Tart
training,gs://bdcc24_open_images_dataset/images/03b0c120d2c59232.jpg,Tart
training,gs://bdcc24_open_images_dataset/images/0e78b5f9195ecc52.jpg,Tart
training,gs://bdcc24_open_images_dataset/images/107b7e4346bdf6d0.jpg,Tart
training,gs://bdcc24_open_images_dataset/images/1ba4fb4f5d29cf99.jpg,Tart
training,gs://bdcc24_open_images_dataset/images/1299debd80faff4e.jpg,Tart
training,gs://bdcc24_open_images_dataset/images/04d53526126582e9.jpg,Tart
training,gs://bdcc24_open_images_dataset/images/111ca8d1a2e12150.jpg,Tart
training,gs://bdcc24_open_images_dataset/images/16dbff13f63b9cb8.jpg,Tart
training,gs://bdcc24_open_images_dataset/images/0c58680e29a5eac2.jpg,Tart
training,gs://bdcc24_open_images_dataset/images/0eb1792e561f97bb.jpg,Tart
training,gs://bdcc24_open_images_dataset/images/1f03506d6e40718b.jpg,Tart
training,gs://bdcc24_open_images_dataset/images/0999754fed5750f7.jpg,Tart
training,gs://bdcc24_open_images_dataset/images/0ec3acaa74fb98a1.jpg,Tart
training,gs://bdcc24_open_images_dataset/images/01a6f2488b27053c.jpg,Tart
training,gs://bdcc24_open_images_dataset/images/0fb2f1058fa2ae54.jpg,Tart
training,gs://bdcc24_open_images_dataset/images/01400bb0f1d11444.jpg,Tart
training,gs://bdcc24_open_images_dataset/images/0a2b1fed5134c91a.jpg,Tart
training,gs://bdcc24_open_images_dataset/images/0ae7f22cbd3e46c3.jpg,Tart
training,gs://bdcc24_open_images_dataset/images/04e19b6c666e3c2a.jpg,Tart
training,gs://bdcc24_open_images_dataset/images/0a6d6c799dbbe716.jpg,Tart
training,gs://bdcc24_open_images_dataset/images/0aa34f8b40e2faec.jpg,Tart
training,gs://bdcc24_open_images_dataset/images/20d32e349433ee8f.jpg,Tart
training,gs://bdcc24_open_images_dataset/images/07d1b3ed43ffd78f.jpg,Tart
training,gs://bdcc24_open_images_dataset/images/0a0a755c4b322adc.jpg,Tart
training,gs://bdcc24_open_images_dataset/images/055d895a3b26e466.jpg,Tart
training,gs://bdcc24_open_images_dataset/images/1b75da17649f69b4.jpg,Tart
training,gs://bdcc24_open_images_dataset/images/052e5f87d186d856.jpg,Tart
training,gs://bdcc24_open_images_dataset/images/1721c4c10056d457.jpg,Tart
training,gs://bdcc24_open_images_dataset/images/0191d772db125676.jpg,Tart
training,gs://bdcc24_open_images_dataset/images/07b4cd46a385b4f8.jpg,Tart
training,gs://bdcc24_open_images_dataset/images/1c8d385b2eecea29.jpg,Tart
training,gs://bdcc24_open_images_dataset/images/0b67495a72b3fa9d.jpg,Tart
training,gs://bdcc24_open_images_dataset/images/0efa3a58098fb315.jpg,Tart
training,gs://bdcc24_open_images_dataset/images/08da09c0c41febd0.jpg,Tart
training,gs://bdcc24_open_images_dataset/images/04d29cc43c2efc89.jpg,Tart
validation,gs://bdcc24_open_images_dataset/images/010cba7c3594d0d9.jpg,Tart
validation,gs://bdcc24_open_images_dataset/images/0bbacc325dccc3c8.jpg,Tart
validation,gs://bdcc24_open_images_dataset/images/0f7a2f04a4ad1a5c.jpg,Tart
validation,gs://bdcc24_open_images_dataset/images/04dfb047817f147e.jpg,Tart
validation,gs://bdcc24_open_images_dataset/images/06406279274a273e.jpg,Tart
validation,gs://bdcc24_open_images_dataset/images/0e66fe8da8e165b5.jpg,Tart
validation,gs://bdcc24_open_images_dataset/images/1aa2f01df250b25c.jpg,Tart
validation,gs://bdcc24_open_images_dataset/images/1f0cb40493b48517.jpg,Tart
validation,gs://bdcc24_open_images_dataset/images/01bdb24e179bf04b.jpg,Tart
validation,gs://bdcc24_open_images_dataset/images/0c0076a256911d9f.jpg,Tart
test,gs://bdcc24_open_images_dataset/images/1489730b8f49eddb.jpg,Tart
test,gs://bdcc24_open_images_dataset/images/052ff4582dbc4e35.jpg,Tart
test,gs://bdcc24_open_images_dataset/images/0abe6cee5dd2c883.jpg,Tart
test,gs://bdcc24_open_images_dataset/images/08e6f6ad0968b07e.jpg,Tart
test,gs://bdcc24_open_images_dataset/images/15bd7c016d685600.jpg,Tart
test,gs://bdcc24_open_images_dataset/images/10046af4e6158661.jpg,Tart
test,gs://bdcc24_open_images_dataset/images/048ce82073412481.jpg,Tart
test,gs://bdcc24_open_images_dataset/images/145d0880a244fd2a.jpg,Tart
test,gs://bdcc24_open_images_dataset/images/1a59e30df2f626f7.jpg,Tart
test,gs://bdcc24_open_images_dataset/images/049149cbd7ecbd7d.jpg,Tart
training,gs://bdcc24_open_images_dataset/images/4a574bb6d97c1eb7.jpg,Milk
training,gs://bdcc24_open_images_dataset/images/9c0d54327e5c9072.jpg,Milk
training,gs://bdcc24_open_images_dataset/images/549efecbcfd4d0ea.jpg,Milk
training,gs://bdcc24_open_images_dataset/images/4ac356d9b403cfaa.jpg,Milk
training,gs://bdcc24_open_images_dataset/images/11e0354b72494754.jpg,Milk
training,gs://bdcc24_open_images_dataset/images/15bcc40b3b208647.jpg,Milk
training,gs://bdcc24_open_images_dataset/images/25a7bdae7f5541ee.jpg,Milk
training,gs://bdcc24_open_images_dataset/images/31c9d5c51b9485c2.jpg,Milk
training,gs://bdcc24_open_images_dataset/images/00db3a2385bb3cc8.jpg,Milk
training,gs://bdcc24_open_images_dataset/images/157ad293b6381b08.jpg,Milk
training,gs://bdcc24_open_images_dataset/images/0703ee94670aabe1.jpg,Milk
training,gs://bdcc24_open_images_dataset/images/1c901cf943231908.jpg,Milk
training,gs://bdcc24_open_images_dataset/images/3f615a51139da2dc.jpg,Milk
training,gs://bdcc24_open_images_dataset/images/8d8614b3813446e1.jpg,Milk
training,gs://bdcc24_open_images_dataset/images/1417eb0b68e41331.jpg,Milk
training,gs://bdcc24_open_images_dataset/images/367be1ef9dd15c32.jpg,Milk
training,gs://bdcc24_open_images_dataset/images/94657693434925d8.jpg,Milk
training,gs://bdcc24_open_images_dataset/images/1e7c6da54b4b5ce3.jpg,Milk
training,gs://bdcc24_open_images_dataset/images/9e8a250792a0b8a8.jpg,Milk
training,gs://bdcc24_open_images_dataset/images/8ce895f1a509a98a.jpg,Milk
training,gs://bdcc24_open_images_dataset/images/1013b226ee9703c5.jpg,Milk
training,gs://bdcc24_open_images_dataset/images/29b4b1da592556f9.jpg,Milk
training,gs://bdcc24_open_images_dataset/images/426f4add6c42501c.jpg,Milk
training,gs://bdcc24_open_images_dataset/images/0255551780e454c7.jpg,Milk
training,gs://bdcc24_open_images_dataset/images/87f0cbcc9107befb.jpg,Milk
training,gs://bdcc24_open_images_dataset/images/72ed126c9cab3d08.jpg,Milk
training,gs://bdcc24_open_images_dataset/images/007a1f6f6276bad8.jpg,Milk
training,gs://bdcc24_open_images_dataset/images/8972ba6477a83c03.jpg,Milk
training,gs://bdcc24_open_images_dataset/images/3c5632ebe100f108.jpg,Milk
training,gs://bdcc24_open_images_dataset/images/3fce3ddb9049fa81.jpg,Milk
training,gs://bdcc24_open_images_dataset/images/4d5ec9f730ac4635.jpg,Milk
training,gs://bdcc24_open_images_dataset/images/5eb2ee5ddd485c01.jpg,Milk
training,gs://bdcc24_open_images_dataset/images/136faeb8d2cd138c.jpg,Milk
training,gs://bdcc24_open_images_dataset/images/581399407455b309.jpg,Milk
training,gs://bdcc24_open_images_dataset/images/98143591cd04283b.jpg,Milk
training,gs://bdcc24_open_images_dataset/images/9b59e5d678397e19.jpg,Milk
training,gs://bdcc24_open_images_dataset/images/0e30ef9ca604c37b.jpg,Milk
training,gs://bdcc24_open_images_dataset/images/7aec840997569a4f.jpg,Milk
training,gs://bdcc24_open_images_dataset/images/5bf5b7b7f8d82ee9.jpg,Milk
training,gs://bdcc24_open_images_dataset/images/6bf7a3cee95952b9.jpg,Milk
training,gs://bdcc24_open_images_dataset/images/3655a9d06df074a5.jpg,Milk
training,gs://bdcc24_open_images_dataset/images/61ac118510aa26bf.jpg,Milk
training,gs://bdcc24_open_images_dataset/images/00c9ebcfe494e31b.jpg,Milk
training,gs://bdcc24_open_images_dataset/images/7769523ff2194983.jpg,Milk
training,gs://bdcc24_open_images_dataset/images/86499ab68bac711c.jpg,Milk
training,gs://bdcc24_open_images_dataset/images/12dc7644b8571402.jpg,Milk
training,gs://bdcc24_open_images_dataset/images/25b89a452b37fbd0.jpg,Milk
training,gs://bdcc24_open_images_dataset/images/9e0e58a10273054b.jpg,Milk
training,gs://bdcc24_open_images_dataset/images/0c0a95e931af7669.jpg,Milk
training,gs://bdcc24_open_images_dataset/images/245dd5332c7418ea.jpg,Milk
training,gs://bdcc24_open_images_dataset/images/3eab69a4fae209a9.jpg,Milk
training,gs://bdcc24_open_images_dataset/images/599804caf5a3c460.jpg,Milk
training,gs://bdcc24_open_images_dataset/images/0dd383e041b083a9.jpg,Milk
training,gs://bdcc24_open_images_dataset/images/3d4884b241d41cac.jpg,Milk
training,gs://bdcc24_open_images_dataset/images/0e82e4f8ad895722.jpg,Milk
training,gs://bdcc24_open_images_dataset/images/68bd369e2af40542.jpg,Milk
training,gs://bdcc24_open_images_dataset/images/7b97219c3c951e9b.jpg,Milk
training,gs://bdcc24_open_images_dataset/images/196e0487ca4ec5b0.jpg,Milk
training,gs://bdcc24_open_images_dataset/images/0090d8dbde447c75.jpg,Milk
training,gs://bdcc24_open_images_dataset/images/7a6cb9f22ef84466.jpg,Milk
training,gs://bdcc24_open_images_dataset/images/1d85e2c27055e393.jpg,Milk
training,gs://bdcc24_open_images_dataset/images/1142425be09994ec.jpg,Milk
training,gs://bdcc24_open_images_dataset/images/7e5ed32887861871.jpg,Milk
training,gs://bdcc24_open_images_dataset/images/21d375c76bd42bcb.jpg,Milk
training,gs://bdcc24_open_images_dataset/images/0e3444318aa775ec.jpg,Milk
training,gs://bdcc24_open_images_dataset/images/281f430c213fac6c.jpg,Milk
training,gs://bdcc24_open_images_dataset/images/1ce02c1491bb62a3.jpg,Milk
training,gs://bdcc24_open_images_dataset/images/492ae63a7b4d0627.jpg,Milk
training,gs://bdcc24_open_images_dataset/images/51049e77dec71f60.jpg,Milk
training,gs://bdcc24_open_images_dataset/images/013494cb2f88bf92.jpg,Milk
training,gs://bdcc24_open_images_dataset/images/3287c513e16391c4.jpg,Milk
training,gs://bdcc24_open_images_dataset/images/8526cf480958088b.jpg,Milk
training,gs://bdcc24_open_images_dataset/images/4e54b5b162d2a431.jpg,Milk
training,gs://bdcc24_open_images_dataset/images/5e3c562ce9644057.jpg,Milk
training,gs://bdcc24_open_images_dataset/images/435937aeeb9142cc.jpg,Milk
training,gs://bdcc24_open_images_dataset/images/0156f0e26eb20c04.jpg,Milk
training,gs://bdcc24_open_images_dataset/images/016190ba06c7005e.jpg,Milk
training,gs://bdcc24_open_images_dataset/images/91e8675f472d5dbc.jpg,Milk
training,gs://bdcc24_open_images_dataset/images/7a36406cb8a14c05.jpg,Milk
training,gs://bdcc24_open_images_dataset/images/7f9c87b7b84288d4.jpg,Milk
validation,gs://bdcc24_open_images_dataset/images/0120d6cc13c9a43e.jpg,Milk
validation,gs://bdcc24_open_images_dataset/images/4b2d23a61b5e8e6f.jpg,Milk
validation,gs://bdcc24_open_images_dataset/images/00574a25b663f4d7.jpg,Milk
validation,gs://bdcc24_open_images_dataset/images/2b819237aa3966ab.jpg,Milk
validation,gs://bdcc24_open_images_dataset/images/78c14b6c1d37a9b6.jpg,Milk
validation,gs://bdcc24_open_images_dataset/images/884868d760603676.jpg,Milk
validation,gs://bdcc24_open_images_dataset/images/522ae65a929ae624.jpg,Milk
validation,gs://bdcc24_open_images_dataset/images/026f1a9589e2e1ea.jpg,Milk
validation,gs://bdcc24_open_images_dataset/images/68146a33cd51a0cb.jpg,Milk
validation,gs://bdcc24_open_images_dataset/images/1187685fcba4beac.jpg,Milk
test,gs://bdcc24_open_images_dataset/images/57c0cd8ed59f9d91.jpg,Milk
test,gs://bdcc24_open_images_dataset/images/13f482fca5c8f1d8.jpg,Milk
test,gs://bdcc24_open_images_dataset/images/14c1c34f3f46792e.jpg,Milk
test,gs://bdcc24_open_images_dataset/images/09a7b91e20570699.jpg,Milk
test,gs://bdcc24_open_images_dataset/images/65995632bfd7e6ab.jpg,Milk
test,gs://bdcc24_open_images_dataset/images/1084e428986874d6.jpg,Milk
test,gs://bdcc24_open_images_dataset/images/29e43306b03adb29.jpg,Milk
test,gs://bdcc24_open_images_dataset/images/7c660d86118b59aa.jpg,Milk
test,gs://bdcc24_open_images_dataset/images/214a1e4d8dfab839.jpg,Milk
test,gs://bdcc24_open_images_dataset/images/56c89abce461b76d.jpg,Milk
training,gs://bdcc24_open_images_dataset/images/01517de5ad0c1033.jpg,Ice Cream
training,gs://bdcc24_open_images_dataset/images/036e5ca87190c680.jpg,Ice Cream
training,gs://bdcc24_open_images_dataset/images/040db6c75d07ac0b.jpg,Ice Cream
training,gs://bdcc24_open_images_dataset/images/04ce3f1424f9faf4.jpg,Ice Cream
training,gs://bdcc24_open_images_dataset/images/0001cb734adac2ee.jpg,Ice Cream
training,gs://bdcc24_open_images_dataset/images/018f48f6f7760a5c.jpg,Ice Cream
training,gs://bdcc24_open_images_dataset/images/009218ad38ab2010.jpg,Ice Cream
training,gs://bdcc24_open_images_dataset/images/04d46ff84b2f21a2.jpg,Ice Cream
training,gs://bdcc24_open_images_dataset/images/02b2dc25672502f7.jpg,Ice Cream
training,gs://bdcc24_open_images_dataset/images/035da6b75433d92c.jpg,Ice Cream
training,gs://bdcc24_open_images_dataset/images/04d892e83e5ac504.jpg,Ice Cream
training,gs://bdcc24_open_images_dataset/images/00e9802f3dd7ad29.jpg,Ice Cream
training,gs://bdcc24_open_images_dataset/images/013e1d58611265bf.jpg,Ice Cream
training,gs://bdcc24_open_images_dataset/images/00b6c4eb7aae9ace.jpg,Ice Cream
training,gs://bdcc24_open_images_dataset/images/00edc32500bd9ad3.jpg,Ice Cream
training,gs://bdcc24_open_images_dataset/images/02ec69d0b249810a.jpg,Ice Cream
training,gs://bdcc24_open_images_dataset/images/02a4319462187454.jpg,Ice Cream
training,gs://bdcc24_open_images_dataset/images/010c325f45f539c6.jpg,Ice Cream
training,gs://bdcc24_open_images_dataset/images/00eb1ea18bbdf6c9.jpg,Ice Cream
training,gs://bdcc24_open_images_dataset/images/009ed6a6c7ead172.jpg,Ice Cream
training,gs://bdcc24_open_images_dataset/images/02bff553f5a4cd8c.jpg,Ice Cream
training,gs://bdcc24_open_images_dataset/images/0433eb5c7518adde.jpg,Ice Cream
training,gs://bdcc24_open_images_dataset/images/042e8d7a507e2fd9.jpg,Ice Cream
training,gs://bdcc24_open_images_dataset/images/00065acfe744d7b2.jpg,Ice Cream
training,gs://bdcc24_open_images_dataset/images/04631093eda29920.jpg,Ice Cream
training,gs://bdcc24_open_images_dataset/images/048c5433f34e43c4.jpg,Ice Cream
training,gs://bdcc24_open_images_dataset/images/04c946320e6f6481.jpg,Ice Cream
training,gs://bdcc24_open_images_dataset/images/0230cc7cc83a76e8.jpg,Ice Cream
training,gs://bdcc24_open_images_dataset/images/03267a7ff2f532c8.jpg,Ice Cream
training,gs://bdcc24_open_images_dataset/images/038242033e8a4bae.jpg,Ice Cream
training,gs://bdcc24_open_images_dataset/images/04026dcdfdb3745f.jpg,Ice Cream
training,gs://bdcc24_open_images_dataset/images/035d30e216409faa.jpg,Ice Cream
training,gs://bdcc24_open_images_dataset/images/0048bb846c5dceb3.jpg,Ice Cream
training,gs://bdcc24_open_images_dataset/images/023df74bdadba6b6.jpg,Ice Cream
training,gs://bdcc24_open_images_dataset/images/029af0133c7441d0.jpg,Ice Cream
training,gs://bdcc24_open_images_dataset/images/00a1793cb6e0f50a.jpg,Ice Cream
training,gs://bdcc24_open_images_dataset/images/03d902a1d5f101db.jpg,Ice Cream
training,gs://bdcc24_open_images_dataset/images/00a695f059a3c1b4.jpg,Ice Cream
training,gs://bdcc24_open_images_dataset/images/01e9eddfdd0d5b13.jpg,Ice Cream
training,gs://bdcc24_open_images_dataset/images/016eff2d834f740f.jpg,Ice Cream
training,gs://bdcc24_open_images_dataset/images/01b63ca9b89f740f.jpg,Ice Cream
training,gs://bdcc24_open_images_dataset/images/0406fb6527972340.jpg,Ice Cream
training,gs://bdcc24_open_images_dataset/images/04c00ef69bda85fa.jpg,Ice Cream
training,gs://bdcc24_open_images_dataset/images/0144c2afbd49260d.jpg,Ice Cream
training,gs://bdcc24_open_images_dataset/images/045b4ba5f1b3acbe.jpg,Ice Cream
training,gs://bdcc24_open_images_dataset/images/015a54acd6fc8c16.jpg,Ice Cream
training,gs://bdcc24_open_images_dataset/images/048d8f2a8166ed6e.jpg,Ice Cream
training,gs://bdcc24_open_images_dataset/images/015a55b299219e8f.jpg,Ice Cream
training,gs://bdcc24_open_images_dataset/images/00391955ea873f29.jpg,Ice Cream
training,gs://bdcc24_open_images_dataset/images/010077726f2934f2.jpg,Ice Cream
training,gs://bdcc24_open_images_dataset/images/04dd8d1c475a40ee.jpg,Ice Cream
training,gs://bdcc24_open_images_dataset/images/00e37d0caf84fdeb.jpg,Ice Cream
training,gs://bdcc24_open_images_dataset/images/000ab7bec71cc50a.jpg,Ice Cream
training,gs://bdcc24_open_images_dataset/images/00ff79bdfc7b4ddc.jpg,Ice Cream
training,gs://bdcc24_open_images_dataset/images/042b5e0e8e241cba.jpg,Ice Cream
training,gs://bdcc24_open_images_dataset/images/024807fab3d75a5d.jpg,Ice Cream
training,gs://bdcc24_open_images_dataset/images/01c37dda1b49378f.jpg,Ice Cream
training,gs://bdcc24_open_images_dataset/images/0367329b3f11e4c3.jpg,Ice Cream
training,gs://bdcc24_open_images_dataset/images/01f7f5aa715d65b3.jpg,Ice Cream
training,gs://bdcc24_open_images_dataset/images/018380ca8ae1d636.jpg,Ice Cream
training,gs://bdcc24_open_images_dataset/images/0099e0dae7423a76.jpg,Ice Cream
training,gs://bdcc24_open_images_dataset/images/04ee8cd96ce890f5.jpg,Ice Cream
training,gs://bdcc24_open_images_dataset/images/006fd756128877f9.jpg,Ice Cream
training,gs://bdcc24_open_images_dataset/images/04e8b2cf0803cb19.jpg,Ice Cream
training,gs://bdcc24_open_images_dataset/images/00b1cc6bc6160d8c.jpg,Ice Cream
training,gs://bdcc24_open_images_dataset/images/00e5348dc8d456a3.jpg,Ice Cream
training,gs://bdcc24_open_images_dataset/images/00384a0a1ee105bf.jpg,Ice Cream
training,gs://bdcc24_open_images_dataset/images/01400bb0f1d11444.jpg,Ice Cream
training,gs://bdcc24_open_images_dataset/images/05099f7e8ffc19ff.jpg,Ice Cream
training,gs://bdcc24_open_images_dataset/images/036b62c40dbf8e45.jpg,Ice Cream
training,gs://bdcc24_open_images_dataset/images/006c90355435f1ce.jpg,Ice Cream
training,gs://bdcc24_open_images_dataset/images/00add28db65b8413.jpg,Ice Cream
training,gs://bdcc24_open_images_dataset/images/00356f12c27a5aa2.jpg,Ice Cream
training,gs://bdcc24_open_images_dataset/images/029d1014967a5a26.jpg,Ice Cream
training,gs://bdcc24_open_images_dataset/images/03937c4fd810e988.jpg,Ice Cream
training,gs://bdcc24_open_images_dataset/images/02a0cb325368894b.jpg,Ice Cream
training,gs://bdcc24_open_images_dataset/images/027b05cf4af69857.jpg,Ice Cream
training,gs://bdcc24_open_images_dataset/images/008c32c043cbe333.jpg,Ice Cream
training,gs://bdcc24_open_images_dataset/images/039de6423e78b817.jpg,Ice Cream
training,gs://bdcc24_open_images_dataset/images/00a89dc681e07f8c.jpg,Ice Cream
validation,gs://bdcc24_open_images_dataset/images/022550157b47c8b5.jpg,Ice Cream
validation,gs://bdcc24_open_images_dataset/images/01c8db3657b01886.jpg,Ice Cream
validation,gs://bdcc24_open_images_dataset/images/01807b61d300de92.jpg,Ice Cream
validation,gs://bdcc24_open_images_dataset/images/00a3c1e32cc3934f.jpg,Ice Cream
validation,gs://bdcc24_open_images_dataset/images/04fb680353bd2b0c.jpg,Ice Cream
validation,gs://bdcc24_open_images_dataset/images/02285bc0a69407cf.jpg,Ice Cream
validation,gs://bdcc24_open_images_dataset/images/010da1276a008768.jpg,Ice Cream
validation,gs://bdcc24_open_images_dataset/images/03922bb640a4bfc0.jpg,Ice Cream
validation,gs://bdcc24_open_images_dataset/images/013b56c263b94f36.jpg,Ice Cream
validation,gs://bdcc24_open_images_dataset/images/02fdf799a5395380.jpg,Ice Cream
test,gs://bdcc24_open_images_dataset/images/00295fc57d175ba9.jpg,Ice Cream
test,gs://bdcc24_open_images_dataset/images/02b4bbabfeb8cfaa.jpg,Ice Cream
test,gs://bdcc24_open_images_dataset/images/00ceb47adc38f30e.jpg,Ice Cream
test,gs://bdcc24_open_images_dataset/images/031e174b97c2101f.jpg,Ice Cream
test,gs://bdcc24_open_images_dataset/images/01f57ca4b348edb0.jpg,Ice Cream
test,gs://bdcc24_open_images_dataset/images/017d8b863d2b4c8c.jpg,Ice Cream
test,gs://bdcc24_open_images_dataset/images/0464895f57bc562f.jpg,Ice Cream
test,gs://bdcc24_open_images_dataset/images/0351780e2e7ee2ae.jpg,Ice Cream
test,gs://bdcc24_open_images_dataset/images/0350d9b3073d06fb.jpg,Ice Cream
test,gs://bdcc24_open_images_dataset/images/03de4ea8e062bad7.jpg,Ice Cream
training,gs://bdcc24_open_images_dataset/images/0082cfa2df4b5f7b.jpg,Pasta
training,gs://bdcc24_open_images_dataset/images/04e79c4507d22e41.jpg,Pasta
training,gs://bdcc24_open_images_dataset/images/033a45cd20b05543.jpg,Pasta
training,gs://bdcc24_open_images_dataset/images/01a0d2936265c243.jpg,Pasta
training,gs://bdcc24_open_images_dataset/images/0215d33ca0df64b5.jpg,Pasta
training,gs://bdcc24_open_images_dataset/images/04aac7e174beef51.jpg,Pasta
training,gs://bdcc24_open_images_dataset/images/04d86e76a1d8255c.jpg,Pasta
training,gs://bdcc24_open_images_dataset/images/00e72c4c5a212e1a.jpg,Pasta
training,gs://bdcc24_open_images_dataset/images/058fd5b51dce6ddc.jpg,Pasta
training,gs://bdcc24_open_images_dataset/images/0282a11803128ae7.jpg,Pasta
training,gs://bdcc24_open_images_dataset/images/063bb47e535c4a22.jpg,Pasta
training,gs://bdcc24_open_images_dataset/images/056019b9cdc44007.jpg,Pasta
training,gs://bdcc24_open_images_dataset/images/020713ee345fcb40.jpg,Pasta
training,gs://bdcc24_open_images_dataset/images/00396dc1772e35aa.jpg,Pasta
training,gs://bdcc24_open_images_dataset/images/011e48c26ad7137c.jpg,Pasta
training,gs://bdcc24_open_images_dataset/images/039d497dd94e3036.jpg,Pasta
training,gs://bdcc24_open_images_dataset/images/0081b743c9ebc7b5.jpg,Pasta
training,gs://bdcc24_open_images_dataset/images/040fe83792c9c741.jpg,Pasta
training,gs://bdcc24_open_images_dataset/images/0145c909cbcc792d.jpg,Pasta
training,gs://bdcc24_open_images_dataset/images/045dee1ef6c20425.jpg,Pasta
training,gs://bdcc24_open_images_dataset/images/0334b68f77e753c8.jpg,Pasta
training,gs://bdcc24_open_images_dataset/images/004eddd027896d62.jpg,Pasta
training,gs://bdcc24_open_images_dataset/images/017245805622cb88.jpg,Pasta
training,gs://bdcc24_open_images_dataset/images/00f45c8f3fd214e8.jpg,Pasta
training,gs://bdcc24_open_images_dataset/images/02e9589b741e189b.jpg,Pasta
training,gs://bdcc24_open_images_dataset/images/055412e574ac686f.jpg,Pasta
training,gs://bdcc24_open_images_dataset/images/04e421295fc8227b.jpg,Pasta
training,gs://bdcc24_open_images_dataset/images/007cb2dc2dd7d7e4.jpg,Pasta
training,gs://bdcc24_open_images_dataset/images/0105a6af760d9c0d.jpg,Pasta
training,gs://bdcc24_open_images_dataset/images/02df8c56a1a89d5c.jpg,Pasta
training,gs://bdcc24_open_images_dataset/images/027a8e11daab08af.jpg,Pasta
training,gs://bdcc24_open_images_dataset/images/057bf12dc605b1cc.jpg,Pasta
training,gs://bdcc24_open_images_dataset/images/030e9ce29dc49dc1.jpg,Pasta
training,gs://bdcc24_open_images_dataset/images/062d172c25b4b912.jpg,Pasta
training,gs://bdcc24_open_images_dataset/images/05f2da2e7b920a8a.jpg,Pasta
training,gs://bdcc24_open_images_dataset/images/0190c4875e7c39e2.jpg,Pasta
training,gs://bdcc24_open_images_dataset/images/028b59bed12f3d83.jpg,Pasta
training,gs://bdcc24_open_images_dataset/images/01f4a012fde3bd3f.jpg,Pasta
training,gs://bdcc24_open_images_dataset/images/00ce71f16d8a48e7.jpg,Pasta
training,gs://bdcc24_open_images_dataset/images/0485d0e49a5c2f63.jpg,Pasta
training,gs://bdcc24_open_images_dataset/images/0217373177bd4a52.jpg,Pasta
training,gs://bdcc24_open_images_dataset/images/029c1ed0f7f64155.jpg,Pasta
training,gs://bdcc24_open_images_dataset/images/0199217cc5cf6aff.jpg,Pasta
training,gs://bdcc24_open_images_dataset/images/0268451c57c4ab03.jpg,Pasta
training,gs://bdcc24_open_images_dataset/images/03498b3ce8b7fea4.jpg,Pasta
training,gs://bdcc24_open_images_dataset/images/043e65e1018bc044.jpg,Pasta
training,gs://bdcc24_open_images_dataset/images/02cef9780b3d6fa5.jpg,Pasta
training,gs://bdcc24_open_images_dataset/images/0369d832109ea9ee.jpg,Pasta
training,gs://bdcc24_open_images_dataset/images/050df984e092073d.jpg,Pasta
training,gs://bdcc24_open_images_dataset/images/0389ac59135b37d4.jpg,Pasta
training,gs://bdcc24_open_images_dataset/images/04a1dbd7b32cf802.jpg,Pasta
training,gs://bdcc24_open_images_dataset/images/004bdf076237f2fb.jpg,Pasta
training,gs://bdcc24_open_images_dataset/images/0015a5037092c391.jpg,Pasta
training,gs://bdcc24_open_images_dataset/images/005572eeb4ff4718.jpg,Pasta
training,gs://bdcc24_open_images_dataset/images/036cc6344928bd74.jpg,Pasta
training,gs://bdcc24_open_images_dataset/images/06311ad292606686.jpg,Pasta
training,gs://bdcc24_open_images_dataset/images/04774b3d111551fb.jpg,Pasta
training,gs://bdcc24_open_images_dataset/images/0394a10f264954c3.jpg,Pasta
training,gs://bdcc24_open_images_dataset/images/05fdea3428e97584.jpg,Pasta
training,gs://bdcc24_open_images_dataset/images/04350f15d3c8e8cd.jpg,Pasta
training,gs://bdcc24_open_images_dataset/images/0318374c6a062efe.jpg,Pasta
training,gs://bdcc24_open_images_dataset/images/047769588be1aea9.jpg,Pasta
training,gs://bdcc24_open_images_dataset/images/05f239b15852d1b2.jpg,Pasta
training,gs://bdcc24_open_images_dataset/images/040b0897b8d9120d.jpg,Pasta
training,gs://bdcc24_open_images_dataset/images/04441e3ef59c1654.jpg,Pasta
training,gs://bdcc24_open_images_dataset/images/043da48849471142.jpg,Pasta
training,gs://bdcc24_open_images_dataset/images/04821c06d9cc0c8e.jpg,Pasta
training,gs://bdcc24_open_images_dataset/images/00aadd7eb9eb2f85.jpg,Pasta
training,gs://bdcc24_open_images_dataset/images/0016cd6df8067957.jpg,Pasta
training,gs://bdcc24_open_images_dataset/images/02750ef6ffbf48ae.jpg,Pasta
training,gs://bdcc24_open_images_dataset/images/0200704d693e4a51.jpg,Pasta
training,gs://bdcc24_open_images_dataset/images/0496db5b42e3e473.jpg,Pasta
training,gs://bdcc24_open_images_dataset/images/003585723efc7d22.jpg,Pasta
training,gs://bdcc24_open_images_dataset/images/0168eb93294824c7.jpg,Pasta
training,gs://bdcc24_open_images_dataset/images/052edc3cfa951d1a.jpg,Pasta
training,gs://bdcc24_open_images_dataset/images/01d19b55189ba729.jpg,Pasta
training,gs://bdcc24_open_images_dataset/images/02bbfb73d1e59360.jpg,Pasta
training,gs://bdcc24_open_images_dataset/images/0344ba190fb65d34.jpg,Pasta
training,gs://bdcc24_open_images_dataset/images/03f985a5ee2be094.jpg,Pasta
training,gs://bdcc24_open_images_dataset/images/03b8f8806e031ca8.jpg,Pasta
validation,gs://bdcc24_open_images_dataset/images/0104e8d88abbdef8.jpg,Pasta
validation,gs://bdcc24_open_images_dataset/images/05f56b6bc80ed96f.jpg,Pasta
validation,gs://bdcc24_open_images_dataset/images/016e875dfc8b115f.jpg,Pasta
validation,gs://bdcc24_open_images_dataset/images/056ba485ffe7af3b.jpg,Pasta
validation,gs://bdcc24_open_images_dataset/images/0624f648d3ad9e1e.jpg,Pasta
validation,gs://bdcc24_open_images_dataset/images/03cce56bee856975.jpg,Pasta
validation,gs://bdcc24_open_images_dataset/images/0604f6a216bb6774.jpg,Pasta
validation,gs://bdcc24_open_images_dataset/images/0385a41c87d4b8ad.jpg,Pasta
validation,gs://bdcc24_open_images_dataset/images/0060cdf4b50ac915.jpg,Pasta
validation,gs://bdcc24_open_images_dataset/images/0386b07fe9c463da.jpg,Pasta
test,gs://bdcc24_open_images_dataset/images/04bb72c33746e008.jpg,Pasta
test,gs://bdcc24_open_images_dataset/images/03ac7727e3581e81.jpg,Pasta
test,gs://bdcc24_open_images_dataset/images/054a91d2f57af5f0.jpg,Pasta
test,gs://bdcc24_open_images_dataset/images/041ed4090539bf4b.jpg,Pasta
test,gs://bdcc24_open_images_dataset/images/04d630ce4ef6ae0c.jpg,Pasta
test,gs://bdcc24_open_images_dataset/images/0511ef5d56da28d3.jpg,Pasta
test,gs://bdcc24_open_images_dataset/images/02146c20a4494242.jpg,Pasta
test,gs://bdcc24_open_images_dataset/images/056e8adf8f3fef6b.jpg,Pasta
test,gs://bdcc24_open_images_dataset/images/03d9d9ae04821f26.jpg,Pasta
test,gs://bdcc24_open_images_dataset/images/05ea75221d2f45ac.jpg,Pasta
